{
  "屏東縣": {
    "crams": 291,
    "density": 3.484445721675408,
    "students": 83514
  },
  "新竹市": {
    "crams": 246,
    "density": 3.7302116819312188,
    "students": 65948
  },
  "宜蘭縣": {
    "crams": 245,
    "density": 4.8008151588188035,
    "students": 51033
  },
  "苗栗縣": {
    "crams": 202,
    "density": 3.166094575320136,
    "students": 63801
  },
  "新北市": {
    "crams": 1595,
    "density": 4.025368655627819,
    "students": 396237
  },
  "嘉義市": {
    "crams": 191,
    "density": 4.170305676855895,
    "students": 45800
  },
  "高雄市": {
    "crams": 1514,
    "density": 5.116628027225598,
    "students": 295898
  },
  "彰化縣": {
    "crams": 452,
    "density": 3.0613350671868225,
    "students": 147648
  },
  "澎湖縣": {
    "crams": 13,
    "density": 1.4539760653170786,
    "students": 8941
  },
  "南投縣": {
    "crams": 165,
    "density": 2.9708853238265003,
    "students": 55539
  },
  "台中市": {
    "crams": 1787,
    "density": 5.139547190649303,
    "students": 347696
  },
  "嘉義縣": {
    "crams": 150,
    "density": 3.3786066626123388,
    "students": 44397
  },
  "桃園市": {
    "crams": 686,
    "density": 2.479111856370522,
    "students": 276712
  },
  "台北市": {
    "crams": 1447,
    "density": 4.924180551018186,
    "students": 293856
  },
  "新竹縣": {
    "crams": 236,
    "density": 3.4495863419767883,
    "students": 68414
  },
  "臺東縣": {
    "crams": 67,
    "density": 2.81844186437826,
    "students": 23772
  },
  "花蓮縣": {
    "crams": 132,
    "density": 3.532906886491984,
    "students": 37363
  },
  "基隆市": {
    "crams": 170,
    "density": 4.282008009873807,
    "students": 39701
  },
  "雲林縣": {
    "crams": 312,
    "density": 4.011932928711038,
    "students": 77768
  },
  "台南市": {
    "crams": 984,
    "density": 4.8145846686792675,
    "students": 204379
  },
  "連江縣": {
    "crams": 0,
    "density": 0,
    "students": 1028
  },
  "金門縣": {
    "crams": 23,
    "density": 2.966593576679995,
    "students": 7753
  }
}